-- ENQUETE TYPES:---------------------
-- wet
INSERT INTO ENQUETESERVICE.ENQUETE_TYPE (ENQUETE_TYPE_ID, ENQUETE_TYPE_CODE, CUSER_NR, CPGM_NAAM) VALUES ('38ff2464-7d5a-46ba-826a-62ec0b0a99de','WET','3668','CCC');
-- nacht
INSERT INTO ENQUETESERVICE.ENQUETE_TYPE (ENQUETE_TYPE_ID, ENQUETE_TYPE_CODE, CUSER_NR, CPGM_NAAM) VALUES ('3e3fc4fe-96d6-4b55-bec8-ce99dbe632ac','NACHT','3668','CCC');
-- ipa
INSERT INTO ENQUETESERVICE.ENQUETE_TYPE (ENQUETE_TYPE_ID, ENQUETE_TYPE_CODE, CUSER_NR, CPGM_NAAM) VALUES ('0e7030ca-fac5-47c4-bfba-b0d5bd3afbf7','IPA','3668','CCC');
-- start
INSERT INTO ENQUETESERVICE.ENQUETE_TYPE (ENQUETE_TYPE_ID, ENQUETE_TYPE_CODE, CUSER_NR, CPGM_NAAM) VALUES ('634d2252-a32a-4c10-9619-eebca4379550','START','3668','CCC');


-- ENQUETE TYPE LABELS (i18n):-----------
-- wet
INSERT INTO ENQUETESERVICE.ENQUETE_TYPE_LABEL (ENQUETE_TYPE_ID, LANGUAGE, ENQUETE_NAME, ENQUETE_SUBJECT, CUSER_NR, CPGM_NAAM, UUSER_NR, UPGM_NAAM) VALUES ('38ff2464-7d5a-46ba-826a-62ec0b0a99de', 'NL', 'Wetenschappelijk onderzoek', '??', '3668', 'CCC', '3668', 'CCC');
INSERT INTO ENQUETESERVICE.ENQUETE_TYPE_LABEL (ENQUETE_TYPE_ID, LANGUAGE, ENQUETE_NAME, ENQUETE_SUBJECT, CUSER_NR, CPGM_NAAM, UUSER_NR, UPGM_NAAM) VALUES ('38ff2464-7d5a-46ba-826a-62ec0b0a99de', 'FR', 'Recherche scientifique', 'FR??', '3668', 'CCC', '3668', 'CCC');
-- nacht
INSERT INTO ENQUETESERVICE.ENQUETE_TYPE_LABEL (ENQUETE_TYPE_ID, LANGUAGE, ENQUETE_NAME, ENQUETE_SUBJECT, CUSER_NR, CPGM_NAAM, UUSER_NR, UPGM_NAAM) VALUES ('3e3fc4fe-96d6-4b55-bec8-ce99dbe632ac', 'NL', 'Nacht- en ploegarbeid', '??', '3668', 'CCC', '3668', 'CCC');
INSERT INTO ENQUETESERVICE.ENQUETE_TYPE_LABEL (ENQUETE_TYPE_ID, LANGUAGE, ENQUETE_NAME, ENQUETE_SUBJECT, CUSER_NR, CPGM_NAAM, UUSER_NR, UPGM_NAAM) VALUES ('3e3fc4fe-96d6-4b55-bec8-ce99dbe632ac', 'FR', 'Travail nuit et posté', 'FR??', '3668', 'CCC', '3668', 'CCC');
-- ipa
INSERT INTO ENQUETESERVICE.ENQUETE_TYPE_LABEL (ENQUETE_TYPE_ID, LANGUAGE, ENQUETE_NAME, ENQUETE_SUBJECT, CUSER_NR, CPGM_NAAM, UUSER_NR, UPGM_NAAM) VALUES ('0e7030ca-fac5-47c4-bfba-b0d5bd3afbf7', 'NL', 'IPA Korting', '??', '3668', 'CCC', '3668', 'CCC');
INSERT INTO ENQUETESERVICE.ENQUETE_TYPE_LABEL (ENQUETE_TYPE_ID, LANGUAGE, ENQUETE_NAME, ENQUETE_SUBJECT, CUSER_NR, CPGM_NAAM, UUSER_NR, UPGM_NAAM) VALUES ('0e7030ca-fac5-47c4-bfba-b0d5bd3afbf7', 'FR', 'Réduction IPA', 'FR??', '3668', 'CCC', '3668', 'CCC');
-- start
INSERT INTO ENQUETESERVICE.ENQUETE_TYPE_LABEL (ENQUETE_TYPE_ID, LANGUAGE, ENQUETE_NAME, ENQUETE_SUBJECT, CUSER_NR, CPGM_NAAM, UUSER_NR, UPGM_NAAM) VALUES ('634d2252-a32a-4c10-9619-eebca4379550', 'NL', 'Start-ups', '??', '3668', 'CCC', '3668', 'CCC');
INSERT INTO ENQUETESERVICE.ENQUETE_TYPE_LABEL (ENQUETE_TYPE_ID, LANGUAGE, ENQUETE_NAME, ENQUETE_SUBJECT, CUSER_NR, CPGM_NAAM, UUSER_NR, UPGM_NAAM) VALUES ('634d2252-a32a-4c10-9619-eebca4379550', 'FR', 'Start-ups', 'FR??', '3668', 'CCC', '3668', 'CCC');


-- ENQUETE STATE LABELS (i18n):-----------
-- SENT
INSERT INTO ENQUETESERVICE.ENQUETE_STATE_LABEL (ENQUETE_STATE, LANGUAGE, STATE_NAME, CUSER_NR, CPGM_NAAM, UUSER_NR, UPGM_NAAM) VALUES ('SENT', 'NL', 'Verstuurd', '3668', 'CCC', '3668', 'CCC');
INSERT INTO ENQUETESERVICE.ENQUETE_STATE_LABEL (ENQUETE_STATE, LANGUAGE, STATE_NAME, CUSER_NR, CPGM_NAAM, UUSER_NR, UPGM_NAAM) VALUES ('SENT', 'FR', 'Envoyé', '3668', 'CCC', '3668', 'CCC');
-- SUBMITTED
INSERT INTO ENQUETESERVICE.ENQUETE_STATE_LABEL (ENQUETE_STATE, LANGUAGE, STATE_NAME, CUSER_NR, CPGM_NAAM, UUSER_NR, UPGM_NAAM) VALUES ('SUBMITTED', 'NL', 'Ingevuld', '3668', 'CCC', '3668', 'CCC');
INSERT INTO ENQUETESERVICE.ENQUETE_STATE_LABEL (ENQUETE_STATE, LANGUAGE, STATE_NAME, CUSER_NR, CPGM_NAAM, UUSER_NR, UPGM_NAAM) VALUES ('SUBMITTED', 'FR', 'Rempli', '3668', 'CCC', '3668', 'CCC');
-- PROCESSED
INSERT INTO ENQUETESERVICE.ENQUETE_STATE_LABEL (ENQUETE_STATE, LANGUAGE, STATE_NAME, CUSER_NR, CPGM_NAAM, UUSER_NR, UPGM_NAAM) VALUES ('PROCESSED', 'NL', 'Verwerkt', '3668', 'CCC', '3668', 'CCC');
INSERT INTO ENQUETESERVICE.ENQUETE_STATE_LABEL (ENQUETE_STATE, LANGUAGE, STATE_NAME, CUSER_NR, CPGM_NAAM, UUSER_NR, UPGM_NAAM) VALUES ('PROCESSED', 'FR', 'Traité', '3668', 'CCC', '3668', 'CCC');
-- OVERDUE
INSERT INTO ENQUETESERVICE.ENQUETE_STATE_LABEL (ENQUETE_STATE, LANGUAGE, STATE_NAME, CUSER_NR, CPGM_NAAM, UUSER_NR, UPGM_NAAM) VALUES ('OVERDUE', 'NL', 'Vervallen', '3668', 'CCC', '3668', 'CCC');
INSERT INTO ENQUETESERVICE.ENQUETE_STATE_LABEL (ENQUETE_STATE, LANGUAGE, STATE_NAME, CUSER_NR, CPGM_NAAM, UUSER_NR, UPGM_NAAM) VALUES ('OVERDUE', 'FR', 'En retard', '3668', 'CCC', '3668', 'CCC');
-- ERROR
INSERT INTO ENQUETESERVICE.ENQUETE_STATE_LABEL (ENQUETE_STATE, LANGUAGE, STATE_NAME, CUSER_NR, CPGM_NAAM, UUSER_NR, UPGM_NAAM) VALUES ('ERROR', 'NL', 'Fout', '3668', 'CCC', '3668', 'CCC');
INSERT INTO ENQUETESERVICE.ENQUETE_STATE_LABEL (ENQUETE_STATE, LANGUAGE, STATE_NAME, CUSER_NR, CPGM_NAAM, UUSER_NR, UPGM_NAAM) VALUES ('ERROR', 'FR', 'Erreur', '3668', 'CCC', '3668', 'CCC');


-- ENQUETE FORM MAPPINGS: --------------------
-- wet
INSERT INTO ENQUETESERVICE.ENQUETE_FORM_MAPPING (ENQUETE_TYPE_UUID, FIELD_NAME, VALUE_XPATH, VALUE_TYPE, CUSER_NR, CPGM_NAAM, UUSER_NR, UPGM_NAAM) VALUES ('38ff2464-7d5a-46ba-826a-62ec0b0a99de', 'switchExemption', '//switchExemption', 'BOOLEAN', '3668', 'CCC', '3668', 'CCC');
INSERT INTO ENQUETESERVICE.ENQUETE_FORM_MAPPING (ENQUETE_TYPE_UUID, FIELD_NAME, VALUE_XPATH, VALUE_TYPE, CUSER_NR, CPGM_NAAM, UUSER_NR, UPGM_NAAM) VALUES ('38ff2464-7d5a-46ba-826a-62ec0b0a99de', 'endDate', '//endDate', 'DATE', '3668', 'CCC', '3668', 'CCC');
INSERT INTO ENQUETESERVICE.ENQUETE_FORM_MAPPING (ENQUETE_TYPE_UUID, FIELD_NAME, VALUE_XPATH, VALUE_TYPE, CUSER_NR, CPGM_NAAM, UUSER_NR, UPGM_NAAM) VALUES ('38ff2464-7d5a-46ba-826a-62ec0b0a99de', 'beginDate', '//beginDate', 'DATE', '3668', 'CCC', '3668', 'CCC');
-- nacht
INSERT INTO ENQUETESERVICE.ENQUETE_FORM_MAPPING (ENQUETE_TYPE_UUID, FIELD_NAME, VALUE_XPATH, VALUE_TYPE, CUSER_NR, CPGM_NAAM, UUSER_NR, UPGM_NAAM) VALUES ('3e3fc4fe-96d6-4b55-bec8-ce99dbe632ac', 'switchExemption', '//switchExemption', 'BOOLEAN', '3668', 'CCC', '3668', 'CCC');
INSERT INTO ENQUETESERVICE.ENQUETE_FORM_MAPPING (ENQUETE_TYPE_UUID, FIELD_NAME, VALUE_XPATH, VALUE_TYPE, CUSER_NR, CPGM_NAAM, UUSER_NR, UPGM_NAAM) VALUES ('3e3fc4fe-96d6-4b55-bec8-ce99dbe632ac', 'endDate', '//endDate', 'DATE', '3668', 'CCC', '3668', 'CCC');
INSERT INTO ENQUETESERVICE.ENQUETE_FORM_MAPPING (ENQUETE_TYPE_UUID, FIELD_NAME, VALUE_XPATH, VALUE_TYPE, CUSER_NR, CPGM_NAAM, UUSER_NR, UPGM_NAAM) VALUES ('3e3fc4fe-96d6-4b55-bec8-ce99dbe632ac', 'beginDate', '//beginDate', 'DATE', '3668', 'CCC', '3668', 'CCC');
-- ipa
INSERT INTO ENQUETESERVICE.ENQUETE_FORM_MAPPING (ENQUETE_TYPE_UUID, FIELD_NAME, VALUE_XPATH, VALUE_TYPE, CUSER_NR, CPGM_NAAM, UUSER_NR, UPGM_NAAM) VALUES ('0e7030ca-fac5-47c4-bfba-b0d5bd3afbf7', 'switchIPADiscount', '//switchIPADiscount', 'BOOLEAN', '3668', 'CCC', '3668', 'CCC');
-- start
INSERT INTO ENQUETESERVICE.ENQUETE_FORM_MAPPING (ENQUETE_TYPE_UUID, FIELD_NAME, VALUE_XPATH, VALUE_TYPE, CUSER_NR, CPGM_NAAM, UUSER_NR, UPGM_NAAM) VALUES ('634d2252-a32a-4c10-9619-eebca4379550', 'registrationDateKbo', '//registrationDateKbo', 'DATE', '3668', 'CCC', '3668', 'CCC');
INSERT INTO ENQUETESERVICE.ENQUETE_FORM_MAPPING (ENQUETE_TYPE_UUID, FIELD_NAME, VALUE_XPATH, VALUE_TYPE, CUSER_NR, CPGM_NAAM, UUSER_NR, UPGM_NAAM) VALUES ('634d2252-a32a-4c10-9619-eebca4379550', 'enterpriseType', '//enterpriseType', 'STRING', '3668', 'CCC', '3668', 'CCC');
INSERT INTO ENQUETESERVICE.ENQUETE_FORM_MAPPING (ENQUETE_TYPE_UUID, FIELD_NAME, VALUE_XPATH, VALUE_TYPE, CUSER_NR, CPGM_NAAM, UUSER_NR, UPGM_NAAM) VALUES ('634d2252-a32a-4c10-9619-eebca4379550', 'beginDateFiscalYear', '//beginDateFiscalYear', 'DATE', '3668', 'CCC', '3668', 'CCC');
INSERT INTO ENQUETESERVICE.ENQUETE_FORM_MAPPING (ENQUETE_TYPE_UUID, FIELD_NAME, VALUE_XPATH, VALUE_TYPE, CUSER_NR, CPGM_NAAM, UUSER_NR, UPGM_NAAM) VALUES ('634d2252-a32a-4c10-9619-eebca4379550', 'endDateFiscalYear', '//endDateFiscalYear', 'DATE', '3668', 'CCC', '3668', 'CCC');